index,direction,name,range,width
0,input,clock,,1
1,input,reset,,1
2,output,io_in_req_0_ready,,1
3,input,io_in_req_0_valid,,1
4,input,io_in_req_0_bits_vaddr,49:0,50
5,input,io_in_req_0_bits_data,127:0,128
6,input,io_in_req_0_bits_mask,15:0,16
7,input,io_in_req_0_bits_addr,47:0,48
8,input,io_in_req_0_bits_wline,,1
9,output,io_in_req_1_ready,,1
10,input,io_in_req_1_valid,,1
11,input,io_in_req_1_bits_vaddr,49:0,50
12,input,io_in_req_1_bits_data,127:0,128
13,input,io_in_req_1_bits_mask,15:0,16
14,input,io_in_req_1_bits_addr,47:0,48
15,input,io_in_req_1_bits_wline,,1
16,input,io_dcache_req_ready,,1
17,output,io_dcache_req_valid,,1
18,output,io_dcache_req_bits_vaddr,49:0,50
19,output,io_dcache_req_bits_addr,47:0,48
20,output,io_dcache_req_bits_data,511:0,512
21,output,io_dcache_req_bits_mask,63:0,64
22,output,io_dcache_req_bits_id,5:0,6
23,input,io_dcache_main_pipe_hit_resp_valid,,1
24,input,io_dcache_main_pipe_hit_resp_bits_id,5:0,6
25,input,io_dcache_replay_resp_valid,,1
26,input,io_dcache_replay_resp_bits_id,5:0,6
27,input,io_forward_0_s0Req_valid,,1
28,input,io_forward_0_s0Req_bits_vaddr,49:0,50
29,input,io_forward_0_s1Req_paddr,47:0,48
30,input,io_forward_0_s1Kill,,1
31,output,io_forward_0_s2Resp_valid,,1
32,output,io_forward_0_s2Resp_bits_forwardMask_0,,1
33,output,io_forward_0_s2Resp_bits_forwardMask_1,,1
34,output,io_forward_0_s2Resp_bits_forwardMask_2,,1
35,output,io_forward_0_s2Resp_bits_forwardMask_3,,1
36,output,io_forward_0_s2Resp_bits_forwardMask_4,,1
37,output,io_forward_0_s2Resp_bits_forwardMask_5,,1
38,output,io_forward_0_s2Resp_bits_forwardMask_6,,1
39,output,io_forward_0_s2Resp_bits_forwardMask_7,,1
40,output,io_forward_0_s2Resp_bits_forwardMask_8,,1
41,output,io_forward_0_s2Resp_bits_forwardMask_9,,1
42,output,io_forward_0_s2Resp_bits_forwardMask_10,,1
43,output,io_forward_0_s2Resp_bits_forwardMask_11,,1
44,output,io_forward_0_s2Resp_bits_forwardMask_12,,1
45,output,io_forward_0_s2Resp_bits_forwardMask_13,,1
46,output,io_forward_0_s2Resp_bits_forwardMask_14,,1
47,output,io_forward_0_s2Resp_bits_forwardMask_15,,1
48,output,io_forward_0_s2Resp_bits_forwardData_0,7:0,8
49,output,io_forward_0_s2Resp_bits_forwardData_1,7:0,8
50,output,io_forward_0_s2Resp_bits_forwardData_2,7:0,8
51,output,io_forward_0_s2Resp_bits_forwardData_3,7:0,8
52,output,io_forward_0_s2Resp_bits_forwardData_4,7:0,8
53,output,io_forward_0_s2Resp_bits_forwardData_5,7:0,8
54,output,io_forward_0_s2Resp_bits_forwardData_6,7:0,8
55,output,io_forward_0_s2Resp_bits_forwardData_7,7:0,8
56,output,io_forward_0_s2Resp_bits_forwardData_8,7:0,8
57,output,io_forward_0_s2Resp_bits_forwardData_9,7:0,8
58,output,io_forward_0_s2Resp_bits_forwardData_10,7:0,8
59,output,io_forward_0_s2Resp_bits_forwardData_11,7:0,8
60,output,io_forward_0_s2Resp_bits_forwardData_12,7:0,8
61,output,io_forward_0_s2Resp_bits_forwardData_13,7:0,8
62,output,io_forward_0_s2Resp_bits_forwardData_14,7:0,8
63,output,io_forward_0_s2Resp_bits_forwardData_15,7:0,8
64,output,io_forward_0_s2Resp_bits_matchInvalid,,1
65,input,io_forward_1_s0Req_valid,,1
66,input,io_forward_1_s0Req_bits_vaddr,49:0,50
67,input,io_forward_1_s1Req_paddr,47:0,48
68,input,io_forward_1_s1Kill,,1
69,output,io_forward_1_s2Resp_valid,,1
70,output,io_forward_1_s2Resp_bits_forwardMask_0,,1
71,output,io_forward_1_s2Resp_bits_forwardMask_1,,1
72,output,io_forward_1_s2Resp_bits_forwardMask_2,,1
73,output,io_forward_1_s2Resp_bits_forwardMask_3,,1
74,output,io_forward_1_s2Resp_bits_forwardMask_4,,1
75,output,io_forward_1_s2Resp_bits_forwardMask_5,,1
76,output,io_forward_1_s2Resp_bits_forwardMask_6,,1
77,output,io_forward_1_s2Resp_bits_forwardMask_7,,1
78,output,io_forward_1_s2Resp_bits_forwardMask_8,,1
79,output,io_forward_1_s2Resp_bits_forwardMask_9,,1
80,output,io_forward_1_s2Resp_bits_forwardMask_10,,1
81,output,io_forward_1_s2Resp_bits_forwardMask_11,,1
82,output,io_forward_1_s2Resp_bits_forwardMask_12,,1
83,output,io_forward_1_s2Resp_bits_forwardMask_13,,1
84,output,io_forward_1_s2Resp_bits_forwardMask_14,,1
85,output,io_forward_1_s2Resp_bits_forwardMask_15,,1
86,output,io_forward_1_s2Resp_bits_forwardData_0,7:0,8
87,output,io_forward_1_s2Resp_bits_forwardData_1,7:0,8
88,output,io_forward_1_s2Resp_bits_forwardData_2,7:0,8
89,output,io_forward_1_s2Resp_bits_forwardData_3,7:0,8
90,output,io_forward_1_s2Resp_bits_forwardData_4,7:0,8
91,output,io_forward_1_s2Resp_bits_forwardData_5,7:0,8
92,output,io_forward_1_s2Resp_bits_forwardData_6,7:0,8
93,output,io_forward_1_s2Resp_bits_forwardData_7,7:0,8
94,output,io_forward_1_s2Resp_bits_forwardData_8,7:0,8
95,output,io_forward_1_s2Resp_bits_forwardData_9,7:0,8
96,output,io_forward_1_s2Resp_bits_forwardData_10,7:0,8
97,output,io_forward_1_s2Resp_bits_forwardData_11,7:0,8
98,output,io_forward_1_s2Resp_bits_forwardData_12,7:0,8
99,output,io_forward_1_s2Resp_bits_forwardData_13,7:0,8
100,output,io_forward_1_s2Resp_bits_forwardData_14,7:0,8
101,output,io_forward_1_s2Resp_bits_forwardData_15,7:0,8
102,output,io_forward_1_s2Resp_bits_matchInvalid,,1
103,input,io_forward_2_s0Req_valid,,1
104,input,io_forward_2_s0Req_bits_vaddr,49:0,50
105,input,io_forward_2_s1Req_paddr,47:0,48
106,input,io_forward_2_s1Kill,,1
107,output,io_forward_2_s2Resp_valid,,1
108,output,io_forward_2_s2Resp_bits_forwardMask_0,,1
109,output,io_forward_2_s2Resp_bits_forwardMask_1,,1
110,output,io_forward_2_s2Resp_bits_forwardMask_2,,1
111,output,io_forward_2_s2Resp_bits_forwardMask_3,,1
112,output,io_forward_2_s2Resp_bits_forwardMask_4,,1
113,output,io_forward_2_s2Resp_bits_forwardMask_5,,1
114,output,io_forward_2_s2Resp_bits_forwardMask_6,,1
115,output,io_forward_2_s2Resp_bits_forwardMask_7,,1
116,output,io_forward_2_s2Resp_bits_forwardMask_8,,1
117,output,io_forward_2_s2Resp_bits_forwardMask_9,,1
118,output,io_forward_2_s2Resp_bits_forwardMask_10,,1
119,output,io_forward_2_s2Resp_bits_forwardMask_11,,1
120,output,io_forward_2_s2Resp_bits_forwardMask_12,,1
121,output,io_forward_2_s2Resp_bits_forwardMask_13,,1
122,output,io_forward_2_s2Resp_bits_forwardMask_14,,1
123,output,io_forward_2_s2Resp_bits_forwardMask_15,,1
124,output,io_forward_2_s2Resp_bits_forwardData_0,7:0,8
125,output,io_forward_2_s2Resp_bits_forwardData_1,7:0,8
126,output,io_forward_2_s2Resp_bits_forwardData_2,7:0,8
127,output,io_forward_2_s2Resp_bits_forwardData_3,7:0,8
128,output,io_forward_2_s2Resp_bits_forwardData_4,7:0,8
129,output,io_forward_2_s2Resp_bits_forwardData_5,7:0,8
130,output,io_forward_2_s2Resp_bits_forwardData_6,7:0,8
131,output,io_forward_2_s2Resp_bits_forwardData_7,7:0,8
132,output,io_forward_2_s2Resp_bits_forwardData_8,7:0,8
133,output,io_forward_2_s2Resp_bits_forwardData_9,7:0,8
134,output,io_forward_2_s2Resp_bits_forwardData_10,7:0,8
135,output,io_forward_2_s2Resp_bits_forwardData_11,7:0,8
136,output,io_forward_2_s2Resp_bits_forwardData_12,7:0,8
137,output,io_forward_2_s2Resp_bits_forwardData_13,7:0,8
138,output,io_forward_2_s2Resp_bits_forwardData_14,7:0,8
139,output,io_forward_2_s2Resp_bits_forwardData_15,7:0,8
140,output,io_forward_2_s2Resp_bits_matchInvalid,,1
141,input,io_sqempty,,1
142,output,io_sbempty,,1
143,output,io_sbFull,,1
144,input,io_mshr_store_empty,,1
145,input,io_flush_valid,,1
146,input,io_flush_isCmo,,1
147,output,io_flush_empty,,1
148,input,io_csrCtrl_sbuffer_timeout,21:0,22
149,input,io_force_write,,1
150,output,io_perf_0_value,5:0,6
151,output,io_perf_1_value,5:0,6
152,output,io_perf_2_value,5:0,6
153,output,io_perf_3_value,5:0,6
154,output,io_perf_4_value,5:0,6
155,output,io_perf_5_value,5:0,6
156,output,io_perf_6_value,5:0,6
157,output,io_perf_7_value,5:0,6
158,output,io_perf_8_value,5:0,6
159,output,io_perf_9_value,5:0,6
160,output,io_perf_10_value,5:0,6
161,output,io_perf_11_value,5:0,6
162,output,io_perf_12_value,5:0,6
163,output,io_perf_13_value,5:0,6
164,output,io_perf_14_value,5:0,6
165,output,io_perf_15_value,5:0,6
